email,password,lastname,firstname,active,username
john.doe@example.com,pouet,Jean,Romain,1,ShadowRider
jane.smith@example.com,pouet,Jean,Romain,1,SilverFox
david.wilson@example.com,pouet,Jean,Romain,1,CrimsonTiger
emily.brown@example.com,pouet,Jean,Romain,1,MysticWanderer
michael.johnson@example.com,pouet,Jean,Romain,1,NightScribe
sarah.taylor@example.com,pouet,Jean,Romain,1,ThunderKnight
matthew.miller@example.com,pouet,Jean,Romain,1,AzureDreamer
olivia.jones@example.com,pouet,Jean,Romain,1,ScarletPhoenix
william.davis@example.com,pouet,Jean,Romain,1,FrostByte
emma.thomas@example.com,pouet,Jean,Romain,1,MoonStrider
ethan.jackson@example.com,pouet,Jean,Romain,1,NovaSeeker
ava.martinez@example.com,pouet,Jean,Romain,1,EchoGazer
alexander.white@example.com,pouet,Jean,Romain,1,DuskWalker
sophia.harris@example.com,pouet,Jean,Romain,1,FlameRider
james.thompson@example.com,pouet,Jean,Romain,1,StormChaser
isabella.lee@example.com,pouet,Jean,Romain,1,BlazeLancer
benjamin.walker@example.com,pouet,Jean,Romain,1,TwilightSinger
mia.robinson@example.com,pouet,Jean,Romain,1,IceBlade
logan.wood@example.com,pouet,Jean,Romain,1,StarGazer
abigail.peterson@example.com,pouet,Jean,Romain,1,EmberWisp